Row Labels,Trial Count,Max of Root Mean Square Error (RMSE),Average of Root Mean Square Error (RMSE)2
0,5950,1.276185262,0.25042273
0,850,1.276185262,0.382110072
0,50,0.466363711,0.466363711
0.02,50,0.46072979,0.460674377
0.05,50,0.452601824,0.452466779
0.1,50,0.43985141,0.439592294
0.15,50,0.428001843,0.427628505
0.2,50,0.416957452,0.416478761
0.25,50,0.406635093,0.406059057
0.4,50,0.378960071,0.377867699
0.5,50,0.363191785,0.361315147
0.6,50,0.349035744,0.34631098
0.7,50,0.336152601,0.333334849
0.8,50,0.324503117,0.321319666
2,50,0.23134852,0.167904665
3,50,0.252395385,0.133933934
4,50,0.622072795,0.266788546
5,50,0.919927112,0.418457079
9,50,1.276185262,0.699375175
0.05,850,1.139420416,0.269004748
0,50,0.289593937,0.287330949
0.02,50,0.286776577,0.28296224
0.05,50,0.280607319,0.278014776
0.1,50,0.272409887,0.269509252
0.15,50,0.264750383,0.262291109
0.2,50,0.257326114,0.254636938
0.25,50,0.250828299,0.249058863
0.4,50,0.234685775,0.231604361
0.5,50,0.225268754,0.222209519
0.6,50,0.218494,0.213384854
0.7,50,0.209902856,0.204643211
0.8,50,0.20041353,0.197507095
2,50,0.14762071,0.139209504
3,50,0.283073506,0.135704771
4,50,0.625667564,0.240371598
5,50,0.874971321,0.43270882
9,50,1.139420416,0.671932851
0.1,850,1.091346956,0.2323192
0,50,0.26489029,0.22194306
0.02,50,0.260664129,0.220212896
0.05,50,0.224551744,0.214216835
0.1,50,0.242935751,0.213592932
0.15,50,0.230949635,0.205930074
0.2,50,0.211149183,0.203833013
0.25,50,0.206939889,0.202316174
0.4,50,0.195769945,0.192054608
0.5,50,0.190536847,0.187293187
0.6,50,0.184497757,0.182358426
0.7,50,0.179732714,0.177309469
0.8,50,0.176364064,0.172468356
2,50,0.139023303,0.1286312
3,50,0.283117059,0.143200845
4,50,0.560037287,0.235596424
5,50,0.797512149,0.413278548
9,50,1.091346956,0.635190357
0.2,850,0.893457134,0.214311966
0,50,0.387635505,0.248670046
0.02,50,0.37659509,0.226524672
0.05,50,0.361008026,0.200262153
0.1,50,0.335683223,0.184688371
0.15,50,0.314438587,0.179949682
0.2,50,0.295874099,0.181392596
0.25,50,0.27706626,0.188131635
0.4,50,0.19243268,0.169592483
0.5,50,0.183559853,0.158697345
0.6,50,0.197630207,0.156662858
0.7,50,0.182988173,0.157517168
0.8,50,0.187757199,0.155628057
2,50,0.127385329,0.118541012
3,50,0.239920164,0.124723123
4,50,0.547053505,0.233003935
5,50,0.665936134,0.366481626
9,50,0.893457134,0.592836657
0.3,850,0.799706318,0.225780987
0,50,0.413110746,0.219848621
0.02,50,0.402042763,0.232671097
0.05,50,0.386762898,0.273159652
0.1,50,0.363654882,0.288428278
0.15,50,0.343408981,0.24971933
0.2,50,0.321129515,0.202219547
0.25,50,0.309729072,0.191581484
0.4,50,0.270151848,0.162754545
0.5,50,0.24821641,0.156864988
0.6,50,0.229110808,0.160292296
0.7,50,0.219764255,0.163338726
0.8,50,0.207243282,0.172783949
2,50,0.123043891,0.114479812
3,50,0.210604546,0.121856019
4,50,0.391026912,0.217775497
5,50,0.547939014,0.357660133
9,50,0.799706318,0.552842801
0.4,850,0.726423156,0.214314978
0,50,0.48406154,0.21127059
0.02,50,0.473206896,0.215516548
0.05,50,0.360542305,0.219168955
0.1,50,0.333400379,0.232719509
0.15,50,0.310414543,0.214044277
0.2,50,0.285651335,0.207934672
0.25,50,0.254941631,0.198720222
0.4,50,0.270440561,0.177822986
0.5,50,0.207510773,0.16377496
0.6,50,0.187949468,0.164930516
0.7,50,0.214726178,0.156076025
0.8,50,0.172593433,0.158994489
2,50,0.131937703,0.115212059
3,50,0.230266786,0.117603867
4,50,0.479869248,0.234940621
5,50,0.548136147,0.336135427
9,50,0.726423156,0.518488905
0.5,850,0.636074166,0.215117163
0,50,0.505070326,0.243616895
0.02,50,0.433198955,0.242874202
0.05,50,0.39701772,0.229894325
0.1,50,0.397215392,0.207160678
0.15,50,0.456754895,0.201164748
0.2,50,0.419939063,0.214995296
0.25,50,0.379168503,0.207108802
0.4,50,0.258960475,0.179625654
0.5,50,0.26493257,0.167936383
0.6,50,0.178254095,0.163580651
0.7,50,0.204111749,0.164224475
0.8,50,0.192263403,0.163072395
2,50,0.158142257,0.124334503
3,50,0.224409472,0.123694554
4,50,0.365581626,0.232721299
5,50,0.468440576,0.313234083
9,50,0.636074166,0.477752822
0.25,5950,1.168350328,0.202988418
0,850,1.168350328,0.230760235
0,50,0.209009488,0.206973043
0.02,50,0.207982061,0.20562123
0.05,50,0.20563467,0.203566599
0.1,50,0.202539901,0.200233557
0.15,50,0.199744695,0.197034161
0.2,50,0.196932843,0.194105908
0.25,50,0.194689332,0.191181406
0.4,50,0.186438041,0.182401631
0.5,50,0.18500578,0.177411013
0.6,50,0.179333967,0.17241352
0.7,50,0.176214527,0.167493255
0.8,50,0.17213359,0.164023465
2,50,0.132336943,0.118533997
3,50,0.438376034,0.167053706
4,50,0.619808653,0.276696007
5,50,0.978635979,0.435784886
9,50,1.168350328,0.662396604
0.05,850,1.067993946,0.211616268
0,50,0.185077589,0.180860214
0.02,50,0.18449091,0.179906332
0.05,50,0.181363075,0.178240418
0.1,50,0.179606963,0.175887669
0.15,50,0.177143369,0.17395466
0.2,50,0.174630334,0.171989374
0.25,50,0.171735794,0.170467757
0.4,50,0.167531401,0.164833149
0.5,50,0.164905709,0.161696991
0.6,50,0.160803344,0.158273057
0.7,50,0.158837921,0.1550383
0.8,50,0.156214201,0.151590037
2,50,0.127480459,0.116127723
3,50,0.364972714,0.162705766
4,50,0.560680434,0.269247353
5,50,0.809669873,0.406775764
9,50,1.067993946,0.619881988
0.1,850,0.966295736,0.203092965
0,50,0.173175063,0.166051391
0.02,50,0.172327208,0.165622064
0.05,50,0.180092873,0.165273396
0.1,50,0.175014059,0.162922166
0.15,50,0.171089237,0.160855268
0.2,50,0.168318294,0.159248329
0.25,50,0.16578965,0.157955599
0.4,50,0.15700113,0.15358404
0.5,50,0.153961118,0.150471613
0.6,50,0.150423907,0.147087408
0.7,50,0.148347967,0.145168812
0.8,50,0.146086008,0.143336382
2,50,0.128159911,0.112299373
3,50,0.327207171,0.158169013
4,50,0.567933765,0.258488553
5,50,0.760115445,0.400268274
9,50,0.966295736,0.645778718
0.2,850,0.84086593,0.192094004
0,50,0.195859603,0.162150559
0.02,50,0.193443417,0.163009308
0.05,50,0.186370637,0.160468038
0.1,50,0.18317502,0.15916917
0.15,50,0.179619589,0.156848519
0.2,50,0.176766595,0.152466501
0.25,50,0.171963552,0.15135068
0.4,50,0.156582609,0.146017984
0.5,50,0.150686862,0.143533454
0.6,50,0.146944586,0.140022727
0.7,50,0.142276891,0.137753056
0.8,50,0.13996857,0.134731288
2,50,0.124451789,0.110393369
3,50,0.286552852,0.1399389
4,50,0.443639502,0.26580344
5,50,0.638887991,0.362624277
9,50,0.84086593,0.579316789
0.3,850,0.751822972,0.191184005
0,50,0.186252616,0.168371425
0.02,50,0.185375498,0.167206663
0.05,50,0.182313516,0.164285526
0.1,50,0.177394189,0.161675737
0.15,50,0.174092073,0.160865916
0.2,50,0.171208983,0.161187804
0.25,50,0.166586305,0.158245918
0.4,50,0.158495027,0.149698238
0.5,50,0.154183717,0.147237662
0.6,50,0.151991196,0.14305068
0.7,50,0.144619685,0.139868162
0.8,50,0.142875412,0.137238117
2,50,0.131714589,0.108715143
3,50,0.291026098,0.140067297
4,50,0.436820676,0.271931115
5,50,0.549289156,0.342050369
9,50,0.751822972,0.528432311
0.4,850,0.653664252,0.191676558
0,50,0.200123026,0.181580338
0.02,50,0.193879383,0.178621539
0.05,50,0.189483629,0.175046547
0.1,50,0.187883121,0.172448139
0.15,50,0.189581355,0.170583636
0.2,50,0.177870138,0.16635016
0.25,50,0.171336427,0.160020098
0.4,50,0.174799762,0.156143703
0.5,50,0.161666964,0.151250434
0.6,50,0.155433151,0.146690208
0.7,50,0.150248713,0.14311758
0.8,50,0.158576259,0.140320194
2,50,0.14205364,0.112710663
3,50,0.263069339,0.143641257
4,50,0.369408751,0.249345964
5,50,0.516310694,0.329349531
9,50,0.653664252,0.481281502
0.5,850,0.584998037,0.20049489
0,50,0.259946762,0.19993258
0.02,50,0.251508257,0.192494144
0.05,50,0.225085231,0.190518842
0.1,50,0.218944258,0.196364783
0.15,50,0.20950833,0.190056995
0.2,50,0.203305423,0.176118338
0.25,50,0.187544108,0.17168645
0.4,50,0.173675104,0.162960544
0.5,50,0.169989259,0.159085948
0.6,50,0.162239325,0.155658408
0.7,50,0.161458154,0.151866606
0.8,50,0.166675659,0.147142073
2,50,0.174782808,0.118414652
3,50,0.279214981,0.161403551
4,50,0.353301461,0.262559051
5,50,0.452986537,0.325762611
9,50,0.584998037,0.446387554
0.5,5950,1.032726517,0.200484395
0,850,1.032726517,0.210147052
0,50,0.163778074,0.161715909
0.02,50,0.163274016,0.161132784
0.05,50,0.162698426,0.160324884
0.1,50,0.161089752,0.159051998
0.15,50,0.159743505,0.157736156
0.2,50,0.158358382,0.156416287
0.25,50,0.157280992,0.155054383
0.4,50,0.153821342,0.150460108
0.5,50,0.151896407,0.147800989
0.6,50,0.148174684,0.144373692
0.7,50,0.147839317,0.141492693
0.8,50,0.14446687,0.139177028
2,50,0.154942039,0.112830603
3,50,0.403148536,0.192636179
4,50,0.825601485,0.336655804
5,50,0.880887051,0.481600004
9,50,1.032726517,0.614040378
0.05,850,0.905117724,0.201760222
0,50,0.156967787,0.152918648
0.02,50,0.156365847,0.152390399
0.05,50,0.155365442,0.151729824
0.1,50,0.153623561,0.150429973
0.15,50,0.152349616,0.149261006
0.2,50,0.150183807,0.147874192
0.25,50,0.148734989,0.146565972
0.4,50,0.146185659,0.143348564
0.5,50,0.143515509,0.141494181
0.6,50,0.141789549,0.138169151
0.7,50,0.14034998,0.135058876
0.8,50,0.138705117,0.132600262
2,50,0.133265675,0.108563871
3,50,0.440920788,0.198716622
4,50,0.650380753,0.325628516
5,50,0.796473153,0.443107659
9,50,0.905117724,0.612066052
0.1,850,0.903231187,0.198724996
0,50,0.15860274,0.153677107
0.02,50,0.157501544,0.153179391
0.05,50,0.156544198,0.151977078
0.1,50,0.153749857,0.150181188
0.15,50,0.151581795,0.148631728
0.2,50,0.149911552,0.146964013
0.25,50,0.148726345,0.145481721
0.4,50,0.144430031,0.140718747
0.5,50,0.14180649,0.136916521
0.6,50,0.137899443,0.133725067
0.7,50,0.136512144,0.13140244
0.8,50,0.134523081,0.130103983
2,50,0.141013242,0.107797205
3,50,0.362761854,0.200771832
4,50,0.646229494,0.313715927
5,50,0.708286544,0.437175891
9,50,0.903231187,0.595905089
0.2,850,0.768177742,0.193226717
0,50,0.166220268,0.158008887
0.02,50,0.165027324,0.157006303
0.05,50,0.16271998,0.155737573
0.1,50,0.159525834,0.153970641
0.15,50,0.15623875,0.151719879
0.2,50,0.152947456,0.1500991
0.25,50,0.15104674,0.147821732
0.4,50,0.147525821,0.142127717
0.5,50,0.142464874,0.138180897
0.6,50,0.14089082,0.135034784
0.7,50,0.136714959,0.132688408
0.8,50,0.136946748,0.131098807
2,50,0.158091238,0.107292754
3,50,0.378410775,0.185874888
4,50,0.508815143,0.308356449
5,50,0.576227252,0.386403435
9,50,0.768177742,0.543431939
0.3,850,0.678572161,0.193338025
0,50,0.174241925,0.165468783
0.02,50,0.173292327,0.165604048
0.05,50,0.173220258,0.165454138
0.1,50,0.168721607,0.161067364
0.15,50,0.16299844,0.158269582
0.2,50,0.160230756,0.155957297
0.25,50,0.157678576,0.15339866
0.4,50,0.15449195,0.148162448
0.5,50,0.146797594,0.143531591
0.6,50,0.14541822,0.140066823
0.7,50,0.142059476,0.136771605
0.8,50,0.138675313,0.133031433
2,50,0.207922079,0.113433505
3,50,0.343136825,0.19954679
4,50,0.457312607,0.294197661
5,50,0.492632099,0.364352787
9,50,0.678572161,0.488431904
0.4,850,0.613526094,0.198014714
0,50,0.19394922,0.176991087
0.02,50,0.18755516,0.175349642
0.05,50,0.188646672,0.173071841
0.1,50,0.182772175,0.170258163
0.15,50,0.179086552,0.16691966
0.2,50,0.175725171,0.164525125
0.25,50,0.173175095,0.164557479
0.4,50,0.166990188,0.15834348
0.5,50,0.158265676,0.152445319
0.6,50,0.15361043,0.14562846
0.7,50,0.149244543,0.141402709
0.8,50,0.145889026,0.13986655
2,50,0.204742573,0.121065853
3,50,0.317002058,0.209663754
4,50,0.40099597,0.295796279
5,50,0.459699798,0.345286926
9,50,0.613526094,0.465077815
0.5,850,0.566751731,0.208179042
0,50,0.226553867,0.191965078
0.02,50,0.227135719,0.193069247
0.05,50,0.225854199,0.191767761
0.1,50,0.207483886,0.191176514
0.15,50,0.211177817,0.193501172
0.2,50,0.203082257,0.193617279
0.25,50,0.199890444,0.189908181
0.4,50,0.183606398,0.167893093
0.5,50,0.170292918,0.156524392
0.6,50,0.167195299,0.15131723
0.7,50,0.164584874,0.152491707
0.8,50,0.162484275,0.151367193
2,50,0.213948344,0.129598995
3,50,0.304256728,0.221132892
4,50,0.399291526,0.29031026
5,50,0.438602977,0.329498896
9,50,0.566751731,0.443903816
1,5950,0.917990018,0.224413897
0,850,0.875087898,0.215575139
0,50,0.148823551,0.145764357
0.02,50,0.148155659,0.144846252
0.05,50,0.14651042,0.1434628
0.1,50,0.144598953,0.141453176
0.15,50,0.142837625,0.139848477
0.2,50,0.141511962,0.138553798
0.25,50,0.140368287,0.137193865
0.4,50,0.136352691,0.131444278
0.5,50,0.132864555,0.126145739
0.6,50,0.13029017,0.121723748
0.7,50,0.125084162,0.117699688
0.8,50,0.123243907,0.115616339
2,50,0.296930662,0.165221618
3,50,0.515605275,0.33483184
4,50,0.674704097,0.442369461
5,50,0.708558899,0.483980913
9,50,0.875087898,0.634621005
0.05,850,0.917990018,0.21393462
0,50,0.153859449,0.150238339
0.02,50,0.15327098,0.149171743
0.05,50,0.152504046,0.147862156
0.1,50,0.148793321,0.145662259
0.15,50,0.14743193,0.143805568
0.2,50,0.145273429,0.142103769
0.25,50,0.143965988,0.140575226
0.4,50,0.139564906,0.134331015
0.5,50,0.137038806,0.129086639
0.6,50,0.133985537,0.124075419
0.7,50,0.131715848,0.120532385
0.8,50,0.127424647,0.118362208
2,50,0.277269055,0.156233378
3,50,0.482269128,0.309898846
4,50,0.579812471,0.410377375
5,50,0.672643088,0.475976909
9,50,0.917990018,0.638595305
0.1,850,0.805571485,0.209264523
0,50,0.159665652,0.155638662
0.02,50,0.162033832,0.154725588
0.05,50,0.157465683,0.152841649
0.1,50,0.154824987,0.150389302
0.15,50,0.152402101,0.147825395
0.2,50,0.14974845,0.145563492
0.25,50,0.14782225,0.14391412
0.4,50,0.144907124,0.138049271
0.5,50,0.141875584,0.133153666
0.6,50,0.139093247,0.128521427
0.7,50,0.1359406,0.124432225
0.8,50,0.133581493,0.12162029
2,50,0.302093126,0.158173942
3,50,0.427792832,0.295859724
4,50,0.539632873,0.393361151
5,50,0.593218508,0.420031863
9,50,0.805571485,0.593395131
0.2,850,0.732859389,0.20956477
0,50,0.173286084,0.166488741
0.02,50,0.171884419,0.16519369
0.05,50,0.171108736,0.163433542
0.1,50,0.170655633,0.160773383
0.15,50,0.169418899,0.158404362
0.2,50,0.163940825,0.156122139
0.25,50,0.162583253,0.154885078
0.4,50,0.161469218,0.151869549
0.5,50,0.157078895,0.146071958
0.6,50,0.159250451,0.140023776
0.7,50,0.152303803,0.134131666
0.8,50,0.145541552,0.130103971
2,50,0.289180192,0.16475691
3,50,0.372150091,0.292723661
4,50,0.477772586,0.358014761
5,50,0.499347342,0.400547072
9,50,0.732859389,0.519056834
0.3,850,0.632830158,0.218884484
0,50,0.21945035,0.18444766
0.02,50,0.217738801,0.186423111
0.05,50,0.206841489,0.18612844
0.1,50,0.21741148,0.184373297
0.15,50,0.213093833,0.182201925
0.2,50,0.211039893,0.177979713
0.25,50,0.193827152,0.173052281
0.4,50,0.192201517,0.169967705
0.5,50,0.187341164,0.1618127
0.6,50,0.197983467,0.157802928
0.7,50,0.222434527,0.149045977
0.8,50,0.182505033,0.144252734
2,50,0.295189074,0.186821272
3,50,0.349604438,0.294269324
4,50,0.413243084,0.326494693
5,50,0.483160902,0.376886526
9,50,0.632830158,0.479075934
0.4,850,0.591077775,0.235878119
0,50,0.259820521,0.207589724
0.02,50,0.259580125,0.206000349
0.05,50,0.249639465,0.206130955
0.1,50,0.260226905,0.213474381
0.15,50,0.258772241,0.219283579
0.2,50,0.273311628,0.220408379
0.25,50,0.281024323,0.214873928
0.4,50,0.259912064,0.188028054
0.5,50,0.241427612,0.172759793
0.6,50,0.250594829,0.16917638
0.7,50,0.239444976,0.174912684
0.8,50,0.27900493,0.186898961
2,50,0.287057381,0.197247462
3,50,0.377989392,0.292855285
4,50,0.399965109,0.33172675
5,50,0.422493542,0.35959485
9,50,0.591077775,0.448966502
0.5,850,0.564441642,0.267795621
0,50,0.395075922,0.287495585
0.02,50,0.391074365,0.281222177
0.05,50,0.385356206,0.269880614
0.1,50,0.326662777,0.252025079
0.15,50,0.309792541,0.241967409
0.2,50,0.342127669,0.224736249
0.25,50,0.344540683,0.227010653
0.4,50,0.360195856,0.21540811
0.5,50,0.275044173,0.205691826
0.6,50,0.360869842,0.221264141
0.7,50,0.328777416,0.228603271
0.8,50,0.359904048,0.240507254
2,50,0.312379846,0.232319237
3,50,0.371858705,0.302114328
4,50,0.396461555,0.32980241
5,50,0.413385543,0.356164461
9,50,0.564441642,0.436312759
1.5,5950,0.82236812,0.298047447
0,850,0.82236812,0.246596245
0,50,0.207523282,0.181212615
0.02,50,0.207791767,0.180512449
0.05,50,0.207934957,0.179959258
0.1,50,0.208547226,0.180222041
0.15,50,0.211269696,0.180991743
0.2,50,0.216274289,0.182729426
0.25,50,0.218189564,0.182493753
0.4,50,0.244827268,0.174846931
0.5,50,0.245205674,0.166703413
0.6,50,0.239617055,0.155935624
0.7,50,0.231439285,0.150404482
0.8,50,0.245918304,0.14201129
2,50,0.367886048,0.274116208
3,50,0.476630534,0.358347334
4,50,0.550229209,0.445917017
5,50,0.629223355,0.450280784
9,50,0.82236812,0.605451801
0.05,850,0.785879536,0.262580831
0,50,0.229664656,0.202975414
0.02,50,0.231449689,0.202844213
0.05,50,0.235231127,0.202683212
0.1,50,0.240798233,0.202342078
0.15,50,0.238187307,0.202221957
0.2,50,0.241541467,0.203005029
0.25,50,0.243509536,0.203751506
0.4,50,0.25347398,0.199832025
0.5,50,0.253057923,0.192334016
0.6,50,0.258583533,0.181393351
0.7,50,0.247056557,0.170358199
0.8,50,0.249274473,0.161680352
2,50,0.353148609,0.296270331
3,50,0.436886433,0.35822938
4,50,0.521756928,0.42282345
5,50,0.581417145,0.457491681
9,50,0.785879536,0.603637935
0.1,850,0.75280293,0.274276354
0,50,0.24531107,0.222642466
0.02,50,0.246115895,0.222972854
0.05,50,0.25210602,0.225490923
0.1,50,0.257846849,0.223416017
0.15,50,0.253189399,0.224856275
0.2,50,0.265436658,0.22579557
0.25,50,0.267304902,0.225972499
0.4,50,0.25983518,0.22543619
0.5,50,0.259055081,0.220556651
0.6,50,0.264747657,0.207935269
0.7,50,0.266138556,0.195069546
0.8,50,0.261402634,0.180160072
2,50,0.347446775,0.292549671
3,50,0.417949356,0.355787662
4,50,0.477400893,0.404944137
5,50,0.574205319,0.444506916
9,50,0.75280293,0.564605296
0.2,850,0.640122746,0.294641158
0,50,0.303513684,0.256797666
0.02,50,0.315141146,0.255693927
0.05,50,0.311309198,0.259029796
0.1,50,0.292786667,0.26384589
0.15,50,0.305974751,0.267736309
0.2,50,0.296887882,0.267640576
0.25,50,0.311586278,0.269313465
0.4,50,0.306374078,0.264349031
0.5,50,0.286902045,0.259642047
0.6,50,0.291571175,0.249056732
0.7,50,0.289506864,0.230981161
0.8,50,0.294820549,0.211534866
2,50,0.357253006,0.30732491
3,50,0.396608509,0.346737532
4,50,0.444077274,0.384696737
5,50,0.475824791,0.403457811
9,50,0.640122746,0.511061231
0.3,850,0.590278936,0.318707664
0,50,0.365524028,0.309434378
0.02,50,0.358446368,0.301471436
0.05,50,0.339813719,0.300835915
0.1,50,0.335731258,0.299223276
0.15,50,0.351777864,0.306592748
0.2,50,0.353664632,0.307290156
0.25,50,0.351226573,0.311697246
0.4,50,0.337373389,0.295925809
0.5,50,0.339846452,0.286714837
0.6,50,0.334558908,0.270302857
0.7,50,0.306686455,0.263250563
0.8,50,0.328494958,0.253473509
2,50,0.338708125,0.314149965
3,50,0.391712217,0.341680323
4,50,0.418494763,0.375997317
5,50,0.453072909,0.396750619
9,50,0.590278936,0.483239334
0.4,850,0.535975082,0.334194604
0,50,0.397165831,0.319720738
0.02,50,0.358584663,0.321999742
0.05,50,0.388736863,0.334283348
0.1,50,0.389654838,0.330084413
0.15,50,0.373538991,0.320473975
0.2,50,0.382613925,0.329698344
0.25,50,0.366779209,0.328798909
0.4,50,0.368088354,0.324264096
0.5,50,0.352485116,0.312512267
0.6,50,0.348682997,0.30172902
0.7,50,0.353196914,0.29445393
0.8,50,0.332285015,0.291535589
2,50,0.33998439,0.320663136
3,50,0.378221026,0.343150703
4,50,0.407037026,0.36821962
5,50,0.439547342,0.387048748
9,50,0.535975082,0.452671684
0.5,850,0.505252468,0.355335271
0,50,0.480982649,0.362398608
0.02,50,0.463036892,0.350137644
0.05,50,0.468805312,0.345335705
0.1,50,0.428488629,0.359043134
0.15,50,0.45881137,0.353142266
0.2,50,0.413697156,0.349144011
0.25,50,0.417392904,0.35350969
0.4,50,0.410427105,0.360938173
0.5,50,0.411767202,0.354966115
0.6,50,0.381965006,0.340324303
0.7,50,0.376593049,0.330641386
0.8,50,0.394906169,0.326938799
2,50,0.350738867,0.322941139
3,50,0.384518563,0.346941472
4,50,0.394107833,0.365813661
5,50,0.418709934,0.383031452
9,50,0.505252468,0.435452057
2,5950,0.742642017,0.359138493
0,850,0.734248989,0.344317402
0,50,0.33841553,0.308981339
0.02,50,0.330273553,0.306115897
0.05,50,0.323405042,0.301385025
0.1,50,0.328551676,0.296492528
0.15,50,0.324015649,0.292022178
0.2,50,0.320579254,0.287553337
0.25,50,0.322268324,0.284790663
0.4,50,0.33188432,0.285901638
0.5,50,0.333119648,0.292237403
0.6,50,0.345205285,0.301073756
0.7,50,0.342088698,0.303482485
0.8,50,0.341072562,0.304450853
2,50,0.408223424,0.362611814
3,50,0.470051673,0.405956487
4,50,0.510609012,0.439474853
5,50,0.561691852,0.458302096
9,50,0.734248989,0.622563485
0.05,850,0.742642017,0.349434081
0,50,0.338333404,0.321064081
0.02,50,0.343991778,0.319997863
0.05,50,0.34447105,0.317973429
0.1,50,0.33486567,0.310384622
0.15,50,0.336737332,0.305909913
0.2,50,0.33472274,0.304201639
0.25,50,0.330671864,0.301242851
0.4,50,0.338458915,0.301323219
0.5,50,0.337981192,0.306851465
0.6,50,0.340636103,0.309722908
0.7,50,0.344468871,0.309434685
0.8,50,0.336031956,0.317281567
2,50,0.396658932,0.355938507
3,50,0.444561429,0.391703439
4,50,0.493950459,0.42280397
5,50,0.540315871,0.456311605
9,50,0.742642017,0.588233611
0.1,850,0.660633358,0.35365028
0,50,0.354450166,0.334329605
0.02,50,0.351550761,0.333105173
0.05,50,0.352225529,0.330986487
0.1,50,0.34770177,0.32728828
0.15,50,0.345419836,0.323956766
0.2,50,0.342604616,0.320438572
0.25,50,0.343057727,0.319249473
0.4,50,0.343221261,0.317408249
0.5,50,0.337742196,0.316675934
0.6,50,0.345248806,0.314137851
0.7,50,0.337800125,0.317769341
0.8,50,0.336854393,0.321400633
2,50,0.390621806,0.355536359
3,50,0.428299401,0.386722087
4,50,0.458804221,0.407821852
5,50,0.517192179,0.428063978
9,50,0.660633358,0.557164125
0.2,850,0.600409983,0.356895973
0,50,0.363884633,0.343415427
0.02,50,0.362402678,0.340870592
0.05,50,0.363926157,0.340290328
0.1,50,0.362463197,0.33772872
0.15,50,0.364182246,0.339188108
0.2,50,0.361948877,0.336289497
0.25,50,0.357709413,0.335655064
0.4,50,0.356292203,0.33031111
0.5,50,0.351483152,0.328014715
0.6,50,0.347027034,0.327154064
0.7,50,0.352460166,0.326123376
0.8,50,0.346537265,0.326310124
2,50,0.388471501,0.355474985
3,50,0.401353125,0.375446404
4,50,0.45198047,0.401231076
5,50,0.501040979,0.41389924
9,50,0.600409983,0.509828709
0.3,850,0.572834283,0.362228899
0,50,0.391496393,0.354097031
0.02,50,0.389577209,0.356261594
0.05,50,0.387481779,0.354723282
0.1,50,0.388503837,0.354143392
0.15,50,0.389748418,0.352439454
0.2,50,0.386372529,0.350904766
0.25,50,0.383114898,0.348172938
0.4,50,0.378439115,0.337177822
0.5,50,0.372510083,0.33591332
0.6,50,0.363223483,0.33623175
0.7,50,0.361971922,0.335115921
0.8,50,0.357747936,0.334006756
2,50,0.393494188,0.355285164
3,50,0.406329594,0.376583913
4,50,0.422042137,0.391793394
5,50,0.462081411,0.408629612
9,50,0.572834283,0.476411175
0.4,850,0.536802118,0.367998948
0,50,0.450448333,0.374282848
0.02,50,0.43695585,0.370776908
0.05,50,0.437755387,0.364203126
0.1,50,0.43787324,0.366298281
0.15,50,0.433683852,0.360511193
0.2,50,0.426285631,0.356932172
0.25,50,0.419148141,0.357881792
0.4,50,0.399219232,0.3513086
0.5,50,0.371722378,0.342335398
0.6,50,0.390100449,0.348295179
0.7,50,0.390874703,0.339276069
0.8,50,0.381174314,0.341941251
2,50,0.408591195,0.363856259
3,50,0.418454528,0.375556617
4,50,0.43638523,0.387866967
5,50,0.45801435,0.403523363
9,50,0.536802118,0.451136092
0.5,850,0.514167099,0.379443865
0,50,0.468248916,0.389655972
0.02,50,0.445200552,0.383816928
0.05,50,0.467197889,0.388346172
0.1,50,0.465544644,0.383548082
0.15,50,0.468511033,0.380369202
0.2,50,0.469737466,0.377254494
0.25,50,0.464665279,0.372872683
0.4,50,0.427374172,0.363964821
0.5,50,0.423331925,0.360165056
0.6,50,0.410053966,0.359036668
0.7,50,0.407249848,0.355996438
0.8,50,0.428338276,0.353863799
2,50,0.409443671,0.367256569
3,50,0.439009927,0.379247721
4,50,0.435413877,0.388076288
5,50,0.435946811,0.399049101
9,50,0.514167099,0.44802571
2.5,5950,0.696545312,0.399987994
0,850,0.696545312,0.386502343
0,50,0.372652495,0.350437954
0.02,50,0.372806181,0.350900656
0.05,50,0.373249551,0.350767216
0.1,50,0.371115409,0.352350317
0.15,50,0.37537361,0.353121593
0.2,50,0.371763013,0.354077618
0.25,50,0.378050936,0.354019275
0.4,50,0.375338589,0.356897735
0.5,50,0.38295849,0.357378185
0.6,50,0.381245555,0.359548972
0.7,50,0.383917611,0.361758045
0.8,50,0.384680883,0.364390672
2,50,0.433650573,0.39339484
3,50,0.471178991,0.420453685
4,50,0.496233161,0.428330227
5,50,0.547122286,0.462645385
9,50,0.696545312,0.600067459
0.05,850,0.659891187,0.384114406
0,50,0.376818797,0.356143298
0.02,50,0.377601493,0.356136251
0.05,50,0.377809802,0.357128599
0.1,50,0.377280484,0.355605715
0.15,50,0.376737924,0.355440089
0.2,50,0.372775237,0.35633288
0.25,50,0.373583347,0.357438038
0.4,50,0.376801127,0.358151806
0.5,50,0.377284592,0.358931305
0.6,50,0.384029676,0.360642241
0.7,50,0.389759475,0.362994433
0.8,50,0.385370081,0.364611829
2,50,0.416826381,0.392625494
3,50,0.438914576,0.409441838
4,50,0.475384798,0.426127419
5,50,0.515437949,0.4418367
9,50,0.659891187,0.560356965
0.1,850,0.648491945,0.386180376
0,50,0.396545138,0.364511228
0.02,50,0.389291395,0.364469425
0.05,50,0.38902263,0.364511312
0.1,50,0.385034162,0.364137544
0.15,50,0.39341524,0.363566392
0.2,50,0.38304239,0.363440702
0.25,50,0.378005652,0.361368218
0.4,50,0.381217855,0.363291689
0.5,50,0.381477599,0.362991236
0.6,50,0.38076968,0.362687961
0.7,50,0.377319217,0.365359394
0.8,50,0.387867242,0.366468244
2,50,0.407091016,0.38695347
3,50,0.44491143,0.404763117
4,50,0.460644086,0.420299642
5,50,0.481125016,0.433609128
9,50,0.648491945,0.552637683
0.2,850,0.575435164,0.391682436
0,50,0.408336645,0.382825942
0.02,50,0.406446875,0.382041538
0.05,50,0.410118496,0.380730993
0.1,50,0.407885517,0.376473558
0.15,50,0.408561398,0.378090745
0.2,50,0.409074032,0.376578677
0.25,50,0.411805742,0.373919154
0.4,50,0.40755277,0.372883507
0.5,50,0.421451146,0.376351699
0.6,50,0.404903598,0.375883495
0.7,50,0.419188332,0.375055248
0.8,50,0.431886137,0.376842332
2,50,0.426424247,0.384321216
3,50,0.450230942,0.402089235
4,50,0.451671229,0.415163296
5,50,0.487708711,0.423539418
9,50,0.575435164,0.505811355
0.3,850,0.547967316,0.397865089
0,50,0.443736437,0.390881626
0.02,50,0.443338541,0.389907018
0.05,50,0.441297274,0.390900898
0.1,50,0.437139615,0.39066447
0.15,50,0.43433413,0.388049247
0.2,50,0.432780554,0.388638824
0.25,50,0.426782172,0.386179992
0.4,50,0.43513639,0.38622775
0.5,50,0.423619357,0.385462717
0.6,50,0.429511312,0.385654615
0.7,50,0.434943657,0.38634288
0.8,50,0.431784521,0.387311056
2,50,0.432344785,0.392781745
3,50,0.438827746,0.398435652
4,50,0.445510855,0.41103902
5,50,0.444028825,0.416756783
9,50,0.547967316,0.488472226
0.4,850,0.507432844,0.41394126
0,50,0.506680368,0.423180733
0.02,50,0.505429272,0.421197864
0.05,50,0.501112562,0.422219868
0.1,50,0.498363666,0.42021603
0.15,50,0.499297152,0.418294025
0.2,50,0.482157646,0.410832605
0.25,50,0.482248006,0.410070946
0.4,50,0.492127755,0.409033077
0.5,50,0.448915184,0.407739117
0.6,50,0.441925672,0.402679972
0.7,50,0.446729869,0.404673824
0.8,50,0.449611688,0.405018255
2,50,0.44760705,0.399148693
3,50,0.446009911,0.401519884
4,50,0.462697786,0.407336359
5,50,0.446723939,0.417238123
9,50,0.507432844,0.456602041
0.5,850,0.551061009,0.439630052
0,50,0.550227446,0.477511289
0.02,50,0.551061009,0.475273684
0.05,50,0.535899412,0.471714699
0.1,50,0.535657713,0.463883631
0.15,50,0.522655022,0.457987642
0.2,50,0.523968682,0.452294311
0.25,50,0.525489358,0.44580716
0.4,50,0.513953709,0.435806223
0.5,50,0.514012751,0.428457034
0.6,50,0.502825709,0.424427879
0.7,50,0.502710148,0.421875273
0.8,50,0.502306504,0.420901483
2,50,0.453342081,0.417394563
3,50,0.468598314,0.412411111
4,50,0.45408302,0.40905849
5,50,0.447324429,0.414703178
9,50,0.485542528,0.444203227
3,5950,0.667688262,0.438261486
0,850,0.667688262,0.416518486
0,50,0.425653427,0.403301443
0.02,50,0.427428496,0.40236064
0.05,50,0.425917149,0.401460376
0.1,50,0.418371519,0.399378074
0.15,50,0.422773271,0.397739525
0.2,50,0.41979806,0.396591567
0.25,50,0.419791614,0.396880781
0.4,50,0.420851233,0.396953944
0.5,50,0.419693828,0.39821695
0.6,50,0.416044698,0.39803823
0.7,50,0.412867489,0.397604803
0.8,50,0.416468183,0.398687171
2,50,0.455593377,0.413457403
3,50,0.462864274,0.428979766
4,50,0.483058064,0.436443535
5,50,0.522543034,0.444201821
9,50,0.667688262,0.570518241
0.05,850,0.625873927,0.416887838
0,50,0.437501424,0.406351611
0.02,50,0.438609479,0.405682145
0.05,50,0.443174758,0.40562759
0.1,50,0.429559169,0.405545667
0.15,50,0.42595284,0.404261078
0.2,50,0.428280682,0.401710287
0.25,50,0.423172798,0.399727859
0.4,50,0.412748125,0.395623557
0.5,50,0.421884848,0.395083094
0.6,50,0.41768598,0.395971351
0.7,50,0.427275939,0.397636245
0.8,50,0.42036707,0.396371576
2,50,0.459661359,0.410576083
3,50,0.451511113,0.423877604
4,50,0.463158689,0.43176694
5,50,0.490031694,0.442027669
9,50,0.625873927,0.569252891
0.1,850,0.605466278,0.418963181
0,50,0.460760536,0.418841656
0.02,50,0.459119185,0.416101456
0.05,50,0.461091151,0.415099555
0.1,50,0.459421111,0.410991132
0.15,50,0.454892014,0.407195816
0.2,50,0.439860706,0.405991115
0.25,50,0.440052486,0.407124221
0.4,50,0.425196007,0.402969641
0.5,50,0.424866316,0.401336231
0.6,50,0.438769627,0.399358253
0.7,50,0.441149956,0.398282467
0.8,50,0.439712491,0.398406022
2,50,0.451750346,0.408886271
3,50,0.454844512,0.420639915
4,50,0.468050274,0.430254244
5,50,0.482886591,0.441962249
9,50,0.605466278,0.538933826
0.2,850,0.561541279,0.430919137
0,50,0.506984195,0.450922404
0.02,50,0.508368893,0.452026114
0.05,50,0.507085682,0.447639807
0.1,50,0.507191574,0.439327568
0.15,50,0.507301908,0.433563391
0.2,50,0.50211906,0.428516747
0.25,50,0.49671807,0.428336595
0.4,50,0.480935616,0.419690741
0.5,50,0.454551059,0.414939158
0.6,50,0.455854627,0.413021857
0.7,50,0.447059251,0.412041616
0.8,50,0.43832954,0.409605856
2,50,0.446128745,0.409524628
3,50,0.457815506,0.415806466
4,50,0.474326208,0.430866411
5,50,0.463904271,0.432686777
9,50,0.561541279,0.487109197
0.3,850,0.520760879,0.445956113
0,50,0.518454661,0.476508618
0.02,50,0.520760879,0.47470261
0.05,50,0.520745212,0.47116458
0.1,50,0.518574763,0.468288535
0.15,50,0.519517343,0.460352615
0.2,50,0.511301033,0.456997162
0.25,50,0.511892894,0.455579714
0.4,50,0.505886886,0.441801626
0.5,50,0.505268411,0.439254803
0.6,50,0.498264193,0.43314989
0.7,50,0.49954452,0.427267044
0.8,50,0.4870983,0.426273724
2,50,0.465871901,0.415641338
3,50,0.46445884,0.420947558
4,50,0.458326098,0.426218527
5,50,0.462507485,0.431969476
9,50,0.516971937,0.455136104
0.4,850,0.543521906,0.461778559
0,50,0.543521906,0.50291963
0.02,50,0.536509025,0.501364064
0.05,50,0.522784662,0.497749594
0.1,50,0.522582496,0.493661304
0.15,50,0.540454882,0.490924539
0.2,50,0.518734068,0.48658815
0.25,50,0.521516425,0.483268458
0.4,50,0.517302603,0.470004245
0.5,50,0.511251076,0.453025479
0.6,50,0.506264083,0.44671355
0.7,50,0.501360344,0.446402183
0.8,50,0.503647339,0.442139464
2,50,0.468642144,0.421514
3,50,0.466966912,0.418528756
4,50,0.463420152,0.417723978
5,50,0.467020023,0.429255971
9,50,0.500060211,0.448452138
0.5,850,0.563797386,0.47680709
0,50,0.560404159,0.517242032
0.02,50,0.559292974,0.515689642
0.05,50,0.563797386,0.514495854
0.1,50,0.561146618,0.516327119
0.15,50,0.558399722,0.510438949
0.2,50,0.556560716,0.509164698
0.25,50,0.544346519,0.506439403
0.4,50,0.523970451,0.497306359
0.5,50,0.523341044,0.481341118
0.6,50,0.516651452,0.46997364
0.7,50,0.518479432,0.463663935
0.8,50,0.513976079,0.456690038
2,50,0.468889206,0.426350098
3,50,0.481109986,0.423909973
4,50,0.46143628,0.421191152
5,50,0.459425823,0.430712827
9,50,0.484714438,0.444783701
4,5950,0.601796217,0.458218441
0,850,0.601796217,0.441200859
0,50,0.496628162,0.461944689
0.02,50,0.494265576,0.457811763
0.05,50,0.491104812,0.454376784
0.1,50,0.490245471,0.449028968
0.15,50,0.487877569,0.444484703
0.2,50,0.489925716,0.441846884
0.25,50,0.494583473,0.437575731
0.4,50,0.467578571,0.426772833
0.5,50,0.475806244,0.420941439
0.6,50,0.466455855,0.418164447
0.7,50,0.453533814,0.413095592
0.8,50,0.450450888,0.412620473
2,50,0.465294518,0.417821037
3,50,0.461609595,0.429766586
4,50,0.483667647,0.442980208
5,50,0.491753593,0.446314168
9,50,0.601796217,0.524868304
0.05,850,0.566342363,0.444286784
0,50,0.495338401,0.470148263
0.02,50,0.498995576,0.469216372
0.05,50,0.498076644,0.465513079
0.1,50,0.495063751,0.462389897
0.15,50,0.493477143,0.45963258
0.2,50,0.491273474,0.452246918
0.25,50,0.490203379,0.443591383
0.4,50,0.490847829,0.433595809
0.5,50,0.483738738,0.428957283
0.6,50,0.469295015,0.420270303
0.7,50,0.456110341,0.414806063
0.8,50,0.464731092,0.409945775
2,50,0.4566246,0.4136903
3,50,0.477770635,0.4264409
4,50,0.479764357,0.439706315
5,50,0.480595527,0.444729705
9,50,0.566342363,0.497994386
0.1,850,0.550056782,0.449543123
0,50,0.497457164,0.478132502
0.02,50,0.501017873,0.475783581
0.05,50,0.499934766,0.474500752
0.1,50,0.506103622,0.47164841
0.15,50,0.499840781,0.466894282
0.2,50,0.497332083,0.465323014
0.25,50,0.495083679,0.460754236
0.4,50,0.492289523,0.454110829
0.5,50,0.492357295,0.438852446
0.6,50,0.496598773,0.431413191
0.7,50,0.481014019,0.423056635
0.8,50,0.486766977,0.418487471
2,50,0.451450516,0.41066855
3,50,0.45980613,0.422749559
4,50,0.483100293,0.436750918
5,50,0.48132712,0.441031587
9,50,0.550056782,0.472075122
0.2,850,0.512420539,0.459676488
0,50,0.511578526,0.485676874
0.02,50,0.511188247,0.486229981
0.05,50,0.507139088,0.484052507
0.1,50,0.511333523,0.482868291
0.15,50,0.512420539,0.484495562
0.2,50,0.508987528,0.480445082
0.25,50,0.509902606,0.477134595
0.4,50,0.50351038,0.472430173
0.5,50,0.509630961,0.463536658
0.6,50,0.499407999,0.452818468
0.7,50,0.498213929,0.447631342
0.8,50,0.493986542,0.444695664
2,50,0.439662587,0.406804187
3,50,0.457003609,0.415730091
4,50,0.476761142,0.426384803
5,50,0.478616661,0.438974342
9,50,0.510714555,0.464591676
0.3,850,0.517712521,0.46708712
0,50,0.517712521,0.494553982
0.02,50,0.517266812,0.493899578
0.05,50,0.5166234,0.492820364
0.1,50,0.515018332,0.489793505
0.15,50,0.517655207,0.48725024
0.2,50,0.517300312,0.486223048
0.25,50,0.509691974,0.484822868
0.4,50,0.516558605,0.484359561
0.5,50,0.511785225,0.48095603
0.6,50,0.511264183,0.473859347
0.7,50,0.511686232,0.474268097
0.8,50,0.51415803,0.464407841
2,50,0.449463866,0.409553776
3,50,0.445713604,0.411947711
4,50,0.458059174,0.422603598
5,50,0.468920177,0.433858462
9,50,0.49208642,0.455303033
0.4,850,0.532565299,0.469465448
0,50,0.528492429,0.498463138
0.02,50,0.531036336,0.496589029
0.05,50,0.529595568,0.496262039
0.1,50,0.532565299,0.494855107
0.15,50,0.526191204,0.493941981
0.2,50,0.518680612,0.491365983
0.25,50,0.513555965,0.490404352
0.4,50,0.510692388,0.485032349
0.5,50,0.515661457,0.48437349
0.6,50,0.510379606,0.481501031
0.7,50,0.510144322,0.475773032
0.8,50,0.509967273,0.473386916
2,50,0.484067549,0.410329866
3,50,0.465812408,0.412228559
4,50,0.451353364,0.42217206
5,50,0.46747923,0.427400877
9,50,0.480147122,0.446832806
0.5,850,0.549048574,0.476269266
0,50,0.549048574,0.511072076
0.02,50,0.544799731,0.508547523
0.05,50,0.540307853,0.504922649
0.1,50,0.540767929,0.503005731
0.15,50,0.536178456,0.502876234
0.2,50,0.541837839,0.502637401
0.25,50,0.54030638,0.499457669
0.4,50,0.523455209,0.495593814
0.5,50,0.521467937,0.489868126
0.6,50,0.517509116,0.486840398
0.7,50,0.511692491,0.482038344
0.8,50,0.514412794,0.482620061
2,50,0.48384505,0.43034883
3,50,0.458024707,0.412534015
4,50,0.473306886,0.419299869
5,50,0.467585616,0.422870134
9,50,0.475309034,0.44204465
5,5950,0.558559597,0.460137368
0,850,0.558559597,0.455326587
0,50,0.501798997,0.469897424
0.02,50,0.502944025,0.46929477
0.05,50,0.502520057,0.469129091
0.1,50,0.503187695,0.467445538
0.15,50,0.500239651,0.467072889
0.2,50,0.497371835,0.466233532
0.25,50,0.494585677,0.465707093
0.4,50,0.500758989,0.462631929
0.5,50,0.499007109,0.456292783
0.6,50,0.480873019,0.454282832
0.7,50,0.480115397,0.453109918
0.8,50,0.484827842,0.449250802
2,50,0.462979403,0.411841354
3,50,0.476096819,0.419039573
4,50,0.471917083,0.430818653
5,50,0.477465677,0.438877734
9,50,0.558559597,0.489626063
0.05,850,0.543841825,0.454816406
0,50,0.501121218,0.471414171
0.02,50,0.500201628,0.471778464
0.05,50,0.504249051,0.471479208
0.1,50,0.502461689,0.470041843
0.15,50,0.50158179,0.468112546
0.2,50,0.493602523,0.466254631
0.25,50,0.501387234,0.464033118
0.4,50,0.4918893,0.461623547
0.5,50,0.498879075,0.461658277
0.6,50,0.493390416,0.458439125
0.7,50,0.488479605,0.454079617
0.8,50,0.488707594,0.452844965
2,50,0.472519837,0.415086225
3,50,0.463065713,0.416373989
4,50,0.468682196,0.42445546
5,50,0.488517544,0.435770227
9,50,0.543841825,0.468433491
0.1,850,0.524664543,0.455518309
0,50,0.501949285,0.474776365
0.02,50,0.505546703,0.474340515
0.05,50,0.504563553,0.471862285
0.1,50,0.500516628,0.471582691
0.15,50,0.496270696,0.469561793
0.2,50,0.499780118,0.468830158
0.25,50,0.499033183,0.466603532
0.4,50,0.495176181,0.463688688
0.5,50,0.498970785,0.459435509
0.6,50,0.498796652,0.458813401
0.7,50,0.490087266,0.458409544
0.8,50,0.481861208,0.45402738
2,50,0.477978552,0.416915578
3,50,0.448188629,0.41140407
4,50,0.466405526,0.421908072
5,50,0.464027608,0.433515048
9,50,0.524664543,0.468136626
0.2,850,0.512412909,0.46005848
0,50,0.511525897,0.480956213
0.02,50,0.51090767,0.480691843
0.05,50,0.510546654,0.480693988
0.1,50,0.509948286,0.477113311
0.15,50,0.509359963,0.479597831
0.2,50,0.512412909,0.477828226
0.25,50,0.508403267,0.475268582
0.4,50,0.509372817,0.472973633
0.5,50,0.506125832,0.470679038
0.6,50,0.506529185,0.46770444
0.7,50,0.498155126,0.463997723
0.8,50,0.507523801,0.461569701
2,50,0.465674384,0.428833485
3,50,0.453275064,0.402830357
4,50,0.454735521,0.414110136
5,50,0.464229855,0.426054356
9,50,0.51031595,0.460091295
0.3,850,0.517229163,0.461207676
0,50,0.517229163,0.481016422
0.02,50,0.516527275,0.48303128
0.05,50,0.515491382,0.482803156
0.1,50,0.513810373,0.478603021
0.15,50,0.515490198,0.480628468
0.2,50,0.50998341,0.479390689
0.25,50,0.509923529,0.479428367
0.4,50,0.509707437,0.473930665
0.5,50,0.506912345,0.469782053
0.6,50,0.505232949,0.468572539
0.7,50,0.506691383,0.468886118
0.8,50,0.50250844,0.463885072
2,50,0.487973511,0.438619331
3,50,0.470723084,0.413215108
4,50,0.447926896,0.408039888
5,50,0.478371717,0.422789532
9,50,0.491925702,0.447908783
0.4,850,0.534381121,0.464076549
0,50,0.534381121,0.49070038
0.02,50,0.521072119,0.490245232
0.05,50,0.522150005,0.488896194
0.1,50,0.515484003,0.484626135
0.15,50,0.513202513,0.483619775
0.2,50,0.512392101,0.481802878
0.25,50,0.51159394,0.478783826
0.4,50,0.509273529,0.475351953
0.5,50,0.507788877,0.472283525
0.6,50,0.512712846,0.472210205
0.7,50,0.508093356,0.469065368
0.8,50,0.506209983,0.467831823
2,50,0.491463465,0.451131655
3,50,0.48446844,0.423938464
4,50,0.470779682,0.404881653
5,50,0.462562455,0.41279503
9,50,0.49225565,0.44113724
0.5,850,0.53178492,0.469957571
0,50,0.53178492,0.502471713
0.02,50,0.531644524,0.501488974
0.05,50,0.531458915,0.500472487
0.1,50,0.527727188,0.496785565
0.15,50,0.528633137,0.490707939
0.2,50,0.518331724,0.489266496
0.25,50,0.517987638,0.484352924
0.4,50,0.508992576,0.478062655
0.5,50,0.510443622,0.47780177
0.6,50,0.510735115,0.476116942
0.7,50,0.511609936,0.471880115
0.8,50,0.514795652,0.472337906
2,50,0.502256173,0.452507661
3,50,0.475884553,0.433633564
4,50,0.459857779,0.409856255
5,50,0.461412864,0.409952006
9,50,0.503354197,0.441583741
6,5950,0.541569668,0.459023574
0,850,0.511592079,0.453320439
0,50,0.508967487,0.471785836
0.02,50,0.508967487,0.471121562
0.05,50,0.508967487,0.470961802
0.1,50,0.503288627,0.470304877
0.15,50,0.497014452,0.467150319
0.2,50,0.499316841,0.467031702
0.25,50,0.503735006,0.464995004
0.4,50,0.490206723,0.46022664
0.5,50,0.490682847,0.457277364
0.6,50,0.488873404,0.455260977
0.7,50,0.4920379,0.454162302
0.8,50,0.479387783,0.451355799
2,50,0.478518273,0.438772784
3,50,0.463231416,0.413428324
4,50,0.449085103,0.416884323
5,50,0.466397937,0.427518306
9,50,0.511592079,0.448209537
0.05,850,0.516710697,0.45427437
0,50,0.508967487,0.473018536
0.02,50,0.508967487,0.473461764
0.05,50,0.508967487,0.473983748
0.1,50,0.508967487,0.473444544
0.15,50,0.508967487,0.469357932
0.2,50,0.507877794,0.468020931
0.25,50,0.502647336,0.465357623
0.4,50,0.484756868,0.462992807
0.5,50,0.494099171,0.459078041
0.6,50,0.492625174,0.45714407
0.7,50,0.489270831,0.453326025
0.8,50,0.492300159,0.453099116
2,50,0.48024862,0.441065095
3,50,0.474033327,0.41938959
4,50,0.450224972,0.412178287
5,50,0.459765637,0.421538332
9,50,0.516710697,0.446207851
0.1,850,0.508967487,0.455370717
0,50,0.504985399,0.475868737
0.02,50,0.508433177,0.474644627
0.05,50,0.508967487,0.474678078
0.1,50,0.508967487,0.474024193
0.15,50,0.508967487,0.472922667
0.2,50,0.508501076,0.470259396
0.25,50,0.508967487,0.468359942
0.4,50,0.496049918,0.462582632
0.5,50,0.500097422,0.461003476
0.6,50,0.499607649,0.458840976
0.7,50,0.490726576,0.456264869
0.8,50,0.489670705,0.453913225
2,50,0.483452126,0.444721099
3,50,0.461813994,0.420798656
4,50,0.441106707,0.40864093
5,50,0.458446344,0.421712079
9,50,0.500737842,0.442066607
0.2,850,0.513564865,0.457608026
0,50,0.513564865,0.478128168
0.02,50,0.512594808,0.476433991
0.05,50,0.501666189,0.474573274
0.1,50,0.496741704,0.473712266
0.15,50,0.492208606,0.471308816
0.2,50,0.510304253,0.475033276
0.25,50,0.50571951,0.475266011
0.4,50,0.508225296,0.468695089
0.5,50,0.504110662,0.464182353
0.6,50,0.500229134,0.463686082
0.7,50,0.498909998,0.460022424
0.8,50,0.493682887,0.457919363
2,50,0.498285294,0.446323486
3,50,0.469933861,0.430115778
4,50,0.455907719,0.408600867
5,50,0.448469535,0.410632919
9,50,0.500737842,0.444702272
0.3,850,0.520462475,0.460360386
0,50,0.509003127,0.479457357
0.02,50,0.509650238,0.480841487
0.05,50,0.508911406,0.476651155
0.1,50,0.506142701,0.478815279
0.15,50,0.509662549,0.476274806
0.2,50,0.513248021,0.476072546
0.25,50,0.508536827,0.473025104
0.4,50,0.520462475,0.473043969
0.5,50,0.498274961,0.47069352
0.6,50,0.50795048,0.468370321
0.7,50,0.50385085,0.465952194
0.8,50,0.499984687,0.464211712
2,50,0.485987574,0.447225621
3,50,0.47203572,0.433553919
4,50,0.463045846,0.414003964
5,50,0.447701428,0.40954332
9,50,0.5037364,0.438390293
0.4,850,0.520633148,0.463582877
0,50,0.515229986,0.490751239
0.02,50,0.518148665,0.488747717
0.05,50,0.516628241,0.486022757
0.1,50,0.514152277,0.484226897
0.15,50,0.514446379,0.485327382
0.2,50,0.509421905,0.475231887
0.25,50,0.503136696,0.473265052
0.4,50,0.512932263,0.473054262
0.5,50,0.510511702,0.468715489
0.6,50,0.520633148,0.468175977
0.7,50,0.498893791,0.466646733
0.8,50,0.50767663,0.466609208
2,50,0.503585501,0.449718139
3,50,0.480948949,0.439811289
4,50,0.471145584,0.425978183
5,50,0.440739037,0.404339378
9,50,0.50439186,0.434287317
0.5,850,0.541569668,0.468648205
0,50,0.53863339,0.496019951
0.02,50,0.541304135,0.495628617
0.05,50,0.541569668,0.493852732
0.1,50,0.531054527,0.492908446
0.15,50,0.517274195,0.49091191
0.2,50,0.51540142,0.491663117
0.25,50,0.518565801,0.488112856
0.4,50,0.511190969,0.478443624
0.5,50,0.504463459,0.472374407
0.6,50,0.512617592,0.472482464
0.7,50,0.496716972,0.465401365
0.8,50,0.520916035,0.465779054
2,50,0.514739141,0.454018268
3,50,0.481462346,0.443542911
4,50,0.47169794,0.424990051
5,50,0.453525623,0.408885508
9,50,0.468676448,0.43200421
(blank),,,
(blank),,,
(blank),,,
Grand Total,65450,1.276185262,0.341011295